track,model,target,horizon,n_predictions,n_folds_used,avg_train_sequences,avg_test_sequences,mean_best_epoch,mean_val_loss,rmse,mae
D-mini,gru,INDPRO,1,300,5,120.0,60.0,5.6,0.8107850760221481,0.005397938225459526,0.004136696692100183
D-mini,rnn,INDPRO,1,300,5,120.0,60.0,6.0,0.7436686635017395,0.005655977449632307,0.004476790236173353
