track,model,target,horizon,n_predictions,n_folds_used,avg_train_sequences,avg_test_sequences,mean_best_epoch,mean_val_loss,rmse,mae
B,rnn,INDPRO,1,120,2,120.0,60.0,4.0,1.185296505689621,0.005888664485638265,0.004459796725132037
B,gru,INDPRO,1,120,2,120.0,60.0,4.0,1.016639769077301,0.005920400287659724,0.0045023388003755825
