h,model,mae,mase
1,Naive / Random Walk,0.1532945736434108,1.1850434696371066
3,Naive / Random Walk,0.3125968992248062,2.4239001579714263
6,ARD(6),0.4860047051626707,3.7736963603191382
