track,model,target,horizon,n_predictions,n_folds_used,avg_train_sequences,avg_test_sequences,mean_best_epoch,mean_val_loss,rmse,mae,mase
B,gru,CPIAUCSL,1,2340,39,24.0,60.0,13.102564102564102,2.5190615255910997,0.0029172027683696537,0.002053549845466392,1.1850692088421964
B,rnn,CPIAUCSL,1,2340,39,24.0,60.0,15.615384615384615,2.342743440841635,0.0029638202839907405,0.0020661362417633863,1.1795168988466656
B,rnn,INDPRO,1,2340,39,24.0,60.0,16.128205128205128,5.997474464086386,0.010443861847422235,0.005748412505363765,1.06795879473909
B,gru,INDPRO,1,2340,39,24.0,60.0,14.076923076923077,5.934793779387688,0.010522909038428837,0.0058485178424425065,1.0811077719578601
B,rnn,PAYEMS,1,2340,39,24.0,60.0,16.41025641025641,313.85530325502924,0.007356525894257533,0.0020126799129754477,2.3730009419997136
B,gru,PAYEMS,1,2340,39,24.0,60.0,15.307692307692308,313.51088013136996,0.007385914912660602,0.0020642633479286054,2.418877692672748
B,rnn,S&P 500,1,2340,39,24.0,60.0,11.512820512820513,1.5294038703044255,0.03892379022551464,0.028286524945834907,0.9588007514869017
B,gru,S&P 500,1,2340,39,24.0,60.0,13.564102564102564,1.4989303016127684,0.039439265534030606,0.028883915272742273,0.977097110265722
