track,model,target,horizon,n_predictions,n_folds_used,avg_train_sequences,avg_test_sequences,mean_best_epoch,mean_val_loss,rmse,mae
B,gru,CPIAUCSL,1,2340,39,120.0,60.0,13.153846153846153,1.2785144748213964,0.003004252250135782,0.0021826663076619968
B,rnn,CPIAUCSL,1,2340,39,120.0,60.0,9.717948717948717,1.2275086673788536,0.0030478786172200094,0.0021870423201949245
B,rnn,INDPRO,1,2340,39,120.0,60.0,12.102564102564102,2.12052803620314,0.010031982107143319,0.005374934722298209
B,gru,INDPRO,1,2340,39,120.0,60.0,13.948717948717949,2.063203454017639,0.010076673445884402,0.005377148160256634
B,rnn,PAYEMS,1,2340,39,120.0,60.0,11.846153846153847,44.333648248265185,0.007218996412835197,0.0017629393584979685
B,gru,PAYEMS,1,2340,39,120.0,60.0,15.128205128205128,44.400325262202664,0.007223937011208921,0.001759791604538797
B,rnn,S&P 500,1,2340,39,120.0,60.0,12.948717948717949,1.129277302668645,0.03753351044020962,0.026955904495600064
B,gru,S&P 500,1,2340,39,120.0,60.0,14.41025641025641,1.1570918155022156,0.03787499265692049,0.027215493943216814
