target,horizon,model,rmse,mae,mase,n_predictions
UNRATE,1,Naive / Random Walk,0.5109081441736331,0.15329457364341084,1.1850434696371066,516
UNRATE,3,Naive / Random Walk,0.8646256527421824,0.3125968992248062,2.4239001579714263,516
UNRATE,6,ARD(6),1.398178198749306,0.4860047051626707,3.7736963603191387,516
